{
  "hosting": {
    "public": "out",
    "ignore": [
      "firebase.json",
      "**/.*",
      "**/node_modules/**"
    ],
    "rewrites": [
      { "source": "/api/auth/**", "function": "nextjs" },
      { "source": "**", "destination": "/index.html" }
    ]
  },
  "functions": {
    "source": "functions",
    "codebase": "default",
    "ignore": [
      "node_modules",
      ".git",
      "firebase-debug.log",
      "firebase-debug.*.log"
    ],
    "predeploy": [
      "npm --prefix \"$RESOURCE_DIR\" install"
    ]
  }
}
